"No","Nama Perusahaan","Merek Dagang","Kota","Alamat","Telepon/WA","Email","Website","Jenis","Link HIMPUH","Status Follow-up","Catatan"
"1","PT. Aida Tourindo Wisata","AIDA TOUR","Jakarta","Jl. Cempaka Putih Tengah No. 33, Cempaka Putih, Jakarta Pusat, DKI Jakarta, 10510","+62214254686","aidatourindo@gmail.com, aidatourindo33@yahoo.co.id","www.aidatourindo.co.id","Penyelenggara Ibadah Haji Khusus (PIHK)","https://himpuh.or.id/daftar-anggota/detail/1","Belum dihubungi",""
"2","PT. Al Amin Mulia Lestari","ALAMINMULIATOUR","Tangerang","Kawasan Bisnis CBd Ciledug Blok A5 No. 21, Karang Tengah, Tangerang, Banten, 15157","+622173451933","alamin.mulia2904@gmail.com, operasional.hajiumrah@gmail.com, alaminmuliafinance@gmail.com","www.alaminmulia.com","Penyelenggara Ibadah Haji Khusus (PIHK)","https://himpuh.or.id/daftar-anggota/detail/2","Belum dihubungi",""
"3","PT. Abdi Umat Wisata International","Attin Tour","Jakarta","Jl. Lap. Tembak No. 39, Ciracas, Jakarta Timur, DKI Jakarta, 13720","+622184310066","attintourtravel@gmail.com","www.attintour.com","Penyelenggara Ibadah Haji Khusus (PIHK)","https://himpuh.or.id/daftar-anggota/detail/3","Belum dihubungi",""
"4","PT. Adzikra","ADZIKRA","Jakarta","Pusat Niaga Duta Mas Fatmawati Blok C 2 No. 11-12, Jl. Fatmawati Raya No. 39, Kebayoran Baru, Jakarta Selatan, DKI Jakarta, 12150","+62217231344","marketingadzikra@yahoo.com, info@adzikra.com","www.adzikra.com","Penyelenggara Ibadah Haji Khusus (PIHK)","https://himpuh.or.id/daftar-anggota/detail/4","Belum dihubungi",""
"5","PT. Al Ahram Sarana Wisata","AL AHRAM","Jakarta","Jl. Tebet Barat IX No. 58 Lt. 1 , Tebet, Jakarta Selatan, DKI Jakarta, 12810","+622183700876","al_ahramjkt@yahoo.com, alahramhaji@gmail.com","www.alahramhajiumrah.com","Penyelenggara Ibadah Haji Khusus (PIHK)","https://himpuh.or.id/daftar-anggota/detail/5","Belum dihubungi",""
"6","PT. Alfida Tour And Travel","ALFIDA TOUR & TRAVEL","Jakarta","Jl. Dewi Sartika No. 321a, Kramat Jati, Jakarta Timur, DKI Jakarta, 13630","+62218017467","alfida_jkt@yahoo.co.id, alfidaaf321@gmail.com","www.alfidatravel.com","Penyelenggara Ibadah Haji Khusus (PIHK)","https://himpuh.or.id/daftar-anggota/detail/8","Belum dihubungi",""
"7","PT. Al Hijaz Indowisata","PT. AL HIJAZ TOUR & TRAVEL (AIW)","Jakarta","Graha Alhijaz Lt. 3. Jl. Dewi Sartika,no.239 A, Kramat Jati, Jakarta Timur, DKI Jakarta, 13630","+62218012222","alhijaz_indowisata@hotmail.com","www.alhijazindowisata.com","Penyelenggara Ibadah Haji Khusus (PIHK)","https://himpuh.or.id/daftar-anggota/detail/9","Belum dihubungi",""
"8","PT. An-Naba International","AN NABA","Jakarta","Mt. Haryono Square Of 1/9, Jatinegara, Jakarta Timur, DKI Jakarta, 13330","+622129067285","an_naba09@yahoo.com","www.annaba_int.com","Penyelenggara Ibadah Haji Khusus (PIHK)","https://himpuh.or.id/daftar-anggota/detail/10","Belum dihubungi",""
"9","PT. Andiarta Dewata","Andiarta Wisata","Jakarta","Graha ADPD Jl. Buncit Raya No. 101, Pasar Minggu, Jakarta Selatan, DKI Jakarta, 12510","+62217902230","Andiarta@google.com, andiarta.info@yahoo.com, info@andiarta.co.id","www.andiartawisata.com","Penyelenggara Ibadah Haji Khusus (PIHK)","https://himpuh.or.id/daftar-anggota/detail/13","Belum dihubungi",""
"10","PT. Annatama Purna","Annatama","Jakarta","Gedung Mt. Haryono Square Lt 1/21, Jl. Otista Raya No. 390, Jatinegara, Jakarta Timur, DKI Jakarta, 13330","+622129575290","annatamatravel@yahoo.co.id, annatamatravel@gmail.com","www.annatamatravelumroh.com","Penyelenggara Ibadah Haji Khusus (PIHK)","https://himpuh.or.id/daftar-anggota/detail/15","Belum dihubungi",""
"11","PT. Anugerah Citra Mulia","ANUGERAH WISATA","Jakarta","Utan Kayu Raya No 81 RT/RW 001/008 Jaktim, Matraman, Jakarta Timur, DKI Jakarta, 13120","+622122326259","acm.anugerahwisata@gmail.com","anugerahwisata.id","Penyelenggara Ibadah Haji Khusus (PIHK)","https://himpuh.or.id/daftar-anggota/detail/17","Belum dihubungi",""
"12","PT. Arrayyan Utama","ARRAYYAN UTAMA","Jakarta","Wisma Bsg Jl. Abdul Muis No. 40, Gambir, Jakarta Pusat, DKI Jakarta, 10160","+62213514802","arrayyantour@yahoo.com, edysetiawan1950@yahoo.co.id, arrayyantour@yahoo.co.id","www.arrayyanutama.com","Penyelenggara Ibadah Haji Khusus (PIHK)","https://himpuh.or.id/daftar-anggota/detail/21","Belum dihubungi",""
"13","PT. Asia Utama Wisata","ASIATOUR","Jakarta","Jl. Ciputat Raya No. 4B, Kebayoran Lama, Jakarta Selatan, DKI Jakarta, 12240","+62217201061","marketing@asiatour.co.id","www.asiatour.co.id","Penyelenggara Ibadah Haji Khusus (PIHK)","https://himpuh.or.id/daftar-anggota/detail/22","Belum dihubungi",""
"14","PT. Balda Citra Mandiri","BALDA HAJI & UMRAH","Jakarta","Jl. Wijaya I No. 8, Kebayoran Baru, Jakarta Selatan, DKI Jakarta, 12170","+622172791209","balda_wisata@yahoo.co.sg, care@baldacitra.com","www.baldacitra.com","Penyelenggara Ibadah Haji Khusus (PIHK)","https://himpuh.or.id/daftar-anggota/detail/25","Belum dihubungi",""
"15","PT. Dian Nusa Insani","DNI","Jakarta","Jl. Mampang Prapatan Raya No. 69, Mampang Prapatan, Jakarta Selatan, DKI Jakarta, 12790","+622179195808","insani_travel@yahoo.co.id","www.insanitravel.com","Penyelenggara Ibadah Haji Khusus (PIHK)","https://himpuh.or.id/daftar-anggota/detail/28","Belum dihubungi",""
"16","PT. Dua Ribu Wisata","DRW","Jakarta","Jl. Dewi Sartika No. 69 A, Kramat Jati, Jakarta Timur, DKI Jakarta, 13630","+622180882000","info@duaribuwisata.com, duaribuwisata@yahoo.co.id","www.duaribuwisata.com","Penyelenggara Ibadah Haji Khusus (PIHK)","https://himpuh.or.id/daftar-anggota/detail/29","Belum dihubungi",""
"17","PT. Fajrul Ikhsan Wisata","ESQ Tour & Travel","Jakarta","Gd. Menara 165 Lt. Dasar Lobby Office, Jl. Tb Simatupang Kav 1 Rt.008/003, Pasar Minggu, Jakarta Selatan, DKI Jakarta, 12650","+622129406350","info@esqtours.com, umrah.haji@esqtours.com","www.esqtours.com","Penyelenggara Ibadah Haji Khusus (PIHK)","https://himpuh.or.id/daftar-anggota/detail/30","Belum dihubungi",""
"18","PT. Biro Perjalanan Wisata Fattur","PT. FATTUR TOUR & TRAVEL","Jakarta","Jl. Matraman No. 16a, Senen, Jakarta Pusat, DKI Jakarta, 10430","+62213107773","eks.anggota.himpuh@gmail.com","www.kaltrabu.co.id","Biro Perjalanan Wisata (BPW)","https://himpuh.or.id/daftar-anggota/detail/33","Belum dihubungi",""
"19","PT. Gema Shafa Marwa","GSM","Jakarta","Ruko Mutiara Faza, Jl. Condet Raya No. 27/rc, Pasar Rebo, Jakarta Timur, DKI Jakarta, 13760","+622187782122","gsmhajiplus@yahoo.co.id, gsmhajiplus@gmail.com","www.gemashafamarwa.co.id","Penyelenggara Ibadah Haji Khusus (PIHK)","https://himpuh.or.id/daftar-anggota/detail/34","Belum dihubungi",""
"20","PT. Goenawan Erawisata Tour & Travel","Goenawan Era Wisata Haji & Umroh","Tangerang","Bussines Park Tangcity B.25, Jl. Jenderal Sudirman No. 01, Tangerang, Tangerang, Banten, 15117","+622155733001","goenawan_hajiumroh@yahoo.com, goenawan_visa@yahoo.co.id","www.malikgrup.com","Penyelenggara Ibadah Haji Khusus (PIHK)","https://himpuh.or.id/daftar-anggota/detail/35","Belum dihubungi",""
"21","PT. Hawla Mabrur","Hawla Mabrur Tour & Travel","Jakarta","Jl. Pegambiran No. 42 A, Pulo Gadung, Jakarta Timur, DKI Jakarta, 13220","+62081319311904","ahinfo@ymail.com","www.hawlabarur.co.id","Penyelenggara Perjalanan Ibadah Umrah (PPIU)","https://himpuh.or.id/daftar-anggota/detail/36","Belum dihubungi",""
"22","PT. Indah Safarina","SAFARINDO TOURS & TRAVEL","Jakarta","Jl. Raya Ps. Minggu Km. 18,2 No. 6G, Pasar Minggu, Jakarta Selatan, DKI Jakarta, 12510","+622179184481","safarindotravel@yahoo.com, safarindotourtravel@gmail.com","www.safarindotravel.web.id","Penyelenggara Perjalanan Ibadah Umrah (PPIU)","https://himpuh.or.id/daftar-anggota/detail/39","Belum dihubungi",""
"23","PT. Intan Salsabila","INTAN SALSABILA","Jakarta","Jl. Tebet Barat Dalam Raya No. 55 C, Tebet, Jakarta Selatan, DKI Jakarta, 12810","+622183705341","intansalsabila.travel@gmail.com, umrahajj.intansalsabila@yahoo.com","www.intansalsabila.com","Penyelenggara Ibadah Haji Khusus (PIHK)","https://himpuh.or.id/daftar-anggota/detail/41","Belum dihubungi",""
"24","PT. Khadim Permata Tour","KHADIM WISATA","Bogor","Jl. Lawanggintung No.25 , Bogor Selatan - Kota, Bogor, Jawa Barat, 16133","+622518380789","khadim_wisata@yahoo.com, khadimwisata@gmail.com","khadimwisata.id","Penyelenggara Ibadah Haji Khusus (PIHK)","https://himpuh.or.id/daftar-anggota/detail/45","Belum dihubungi",""
"25","PT. Madani Bina Bersama","MADANI TOURS & TRAVEL","Jakarta","Jl. Tebet Barat Dalam Raya No. 73, Tebet, Jakarta Selatan, DKI Jakarta, 12810","+62218295850","madani_tourstravel@yahoo.co.id","www.madanitourstravel.com","Penyelenggara Ibadah Haji Khusus (PIHK)","https://himpuh.or.id/daftar-anggota/detail/46","Belum dihubungi",""
"26","PT. Masindo Buana Wisata","Masindo Tour","Jakarta","Jl. Tebet Raya No. 38a, Tebet, Jakarta Selatan, DKI Jakarta, 12820","+62218293250","masindo_tour@yahoo.com","","Penyelenggara Ibadah Haji Khusus (PIHK)","https://himpuh.or.id/daftar-anggota/detail/47","Belum dihubungi",""
"27","PT. Mumtaz Sabila Mabrur","MUMTAZ TOURS & TRAVEL","Jakarta","Jl. Terusan I Gusti Ngurah Rai Ruko Spbu No. 11, Duren Sawit, Jakarta Timur, DKI Jakarta, 13460","+622122814366","mumtaz_sm07@yahoo.co.id, mumtazsabilamabrur@gmail.com","www.mumtaztours.com","Penyelenggara Ibadah Haji Khusus (PIHK)","https://himpuh.or.id/daftar-anggota/detail/53","Belum dihubungi",""
"28","PT. Biro Perjalanan Wisata Neekoi","NEEKOI WISATA","Bekasi","Komp. Ruko Ratna Asri Residence No. 1 Jl. Raya Dr. Ratna, Babelan, Bekasi, Jawa Barat, 17422","+622184793133","eks.anggota.himpuh@gmail.com","www.neekoi.com","Biro Perjalanan Wisata (BPW)","https://himpuh.or.id/daftar-anggota/detail/54","Belum dihubungi",""
"29","PT. Nipindo Antar Wisata","NIPINDO TOUR & TRAVEL","Jakarta","Jl. Pegambiran No. 5 Kel Jati, Pulo Gadung, Jakarta Timur, DKI Jakarta, 13220","+622129833000","nipindo_travel@yahoo.com, nipindo_rosanatravel@yahoo.com","www.nipindotravel.co.id","Penyelenggara Ibadah Haji Khusus (PIHK)","https://himpuh.or.id/daftar-anggota/detail/55","Belum dihubungi",""
"30","PT. Noorhana Pertiwi Tour & Travel","NOORHANA PERTIWI","Jakarta","Perkantoran Nirwana Sunter Asri Blok J-2 No. 6 Tahap Iii Jl. Sunter Permai Raya, Tanjung Priok, Jakarta Utara, DKI Jakarta, 14340","+62216512868","noorhana78@yahoo.co.id","www.noorhanapertiwi.com","Penyelenggara Ibadah Haji Khusus (PIHK)","https://himpuh.or.id/daftar-anggota/detail/56","Belum dihubungi",""
"31","PT. Nurul Amanah Sirindo","AMANAH TOUR","Jakarta","Graha Mustika Ratu, Jl. Gatot Subroto Lt. Gf No. 74-75, Tebet, Jakarta Selatan, DKI Jakarta, 12870","+622183705286","amanahtour@hotmail.com","www.amanahsemestatour.blogspot.com","Penyelenggara Ibadah Haji Khusus (PIHK)","https://himpuh.or.id/daftar-anggota/detail/57","Belum dihubungi",""
"32","PT. Pandu As Shofa","Ashofaa Tour & Travel","Jakarta","Puri Sentra Niaga, Jl. Tarum Barat Blok A/14,kel. Kalimalang, Makasar, Jakarta Timur, DKI Jakarta, 13620","+62218603940","pastravel14@gmail.com, ashofaatourtravel@gmail.com","www.panduasshofa.com","Penyelenggara Ibadah Haji Khusus (PIHK)","https://himpuh.or.id/daftar-anggota/detail/58","Belum dihubungi",""
"33","PT. Biro Perjalanan Wisata Proconfo","PROIN TRAVEL","Jakarta","Jl. Rs Fatmawati No. 15 Komplek Golden, Cilandak, Jakarta Selatan, DKI Jakarta, 12420","+62217665858","info@proconfo.id, umrah@proconfo.id, febi@proconfo.id","www.proinumrah.com","Penyelenggara Ibadah Haji Khusus (PIHK)","https://himpuh.or.id/daftar-anggota/detail/59","Belum dihubungi",""
"34","PT. Sabilina Tours & Travel","SABILINA TOURS","Bekasi","Komp. Ruko Kranggan Permai Blok RT. 16 No. 9, Jati Sampurna, Bekasi, Jawa Barat, 17433","+622184597473","sabilina@sabilinatours.com","www.sabilinatours.com","Penyelenggara Ibadah Haji Khusus (PIHK)","https://himpuh.or.id/daftar-anggota/detail/65","Belum dihubungi",""
"35","PT. Sakinah Tour & Travel","WAN TOUR","Jakarta","GRAHA ATIKA, Lt.3, Jl. Warung Jati Barat No. 7 Rt.002/005, Pancoran, Jakarta Selatan, DKI Jakarta, 12710","+622122768061","travelsakinah2019@gmail.com, ismail_mashabii@yahoo.com","www.sakinahtourtravel.com","Penyelenggara Ibadah Haji Khusus (PIHK)","https://himpuh.or.id/daftar-anggota/detail/66","Belum dihubungi",""
"36","PT. Shaka Mulia Wisata","SHAKA TOUR & TRAVEL","Jakarta","Jl. Bintaro Raya No. 21A Tanah Kusir Kebayoran lama, Kebayoran Lama, Jakarta Selatan, DKI Jakarta, 12240","+622184599960","shaka_travel@yahoo.com, hajiumrah@shakamulia.com","www.shakamulia.com","Penyelenggara Ibadah Haji Khusus (PIHK)","https://himpuh.or.id/daftar-anggota/detail/69","Belum dihubungi",""
"37","PT. Srikandi Nuansa Wisata Indonesia","SENI TOURS & TRAVEL","Jakarta","Apartemen Cervino Village GF Blok.H Jl. KAbdullah Syafei Kav.27, Tebet Barat, Tebet, Jakarta Selatan, DKI Jakarta, 12810","+622132453511","seni_tnt@yahoo.com","-","Penyelenggara Perjalanan Ibadah Umrah (PPIU)","https://himpuh.or.id/daftar-anggota/detail/70","Belum dihubungi",""
"38","PT. Suhada Arafah Wisata","SUHADA TOUR","Jakarta","Jl. Pemuda No. 9A, , Pulo Gadung, Jakarta Timur, DKI Jakarta, 13220","+622122861686","eks.anggota.himpuh@gmail.com","www.suhadaarafahwisata.com","Biro Perjalanan Wisata (BPW)","https://himpuh.or.id/daftar-anggota/detail/71","Belum dihubungi",""
"39","PT. Surya Sekawan Nusa","SEKAWAN TOUR","Jakarta","Jl. tebet Barat IX No. 58 rt.006 Rw.004, Tebet, Jakarta Selatan, DKI Jakarta, 12810","+622183700876","suryasekawan@yahoo.com","-","Penyelenggara Ibadah Haji Khusus (PIHK)","https://himpuh.or.id/daftar-anggota/detail/72","Belum dihubungi",""
"40","PT. Terminal Wisatawan Kelana Indah","TERMINAL HAJI TOURS","Jakarta","Jl. Raya Bogor Km 22 No. 4 A , Ciracas, Jakarta Timur, DKI Jakarta, 13810","+622187782169","terminalhaji@yahoo.co.id, terminalhaji2018@gmail.com","","Penyelenggara Ibadah Haji Khusus (PIHK)","https://himpuh.or.id/daftar-anggota/detail/73","Belum dihubungi",""
"41","PT. Zimah Tour & Travel","ZIMAH TOUR & TRAVEL","Jakarta","Jl. Raya Kebayoran Lama No. 9a,rt.004/001, Kebon Jeruk, Jakarta Barat, DKI Jakarta, 11540","+622122539801","eks.anggota.himpuh@gmail.com","","Penyelenggara Perjalanan Ibadah Umrah (PPIU)","https://himpuh.or.id/daftar-anggota/detail/78","Belum dihubungi",""
"42","PT. Rayan Sirindo Barakah","RAYAN TOUR","Jakarta","JL.JATINEGARA TIMUR IV NO.9B, Jatinegara, Jakarta Timur, DKI Jakarta, 13310","+62218514141","visa.rayan@yahoo.com, haydar_rayan@yahoo.com","-","Penyelenggara Perjalanan Ibadah Umrah (PPIU)","https://himpuh.or.id/daftar-anggota/detail/80","Belum dihubungi",""
"43","PT. Redho Illahi Wisata","Redho Tours","Tangerang","Jl. Pahlawan Raya No. 97, Ciputat Timur, Tangerang Selatan, Banten, 15412","+62217496093","redhoillahiwisata@yahoo.com, redho.kalsel@gmail.com","www. redhowours.CO.ID","Penyelenggara Ibadah Haji Khusus (PIHK)","https://himpuh.or.id/daftar-anggota/detail/81","Belum dihubungi",""
"44","PT. Rihlah El Ibad","RIAD TRAVEL","Jakarta","Jl. Condet Raya No.27 , Kramat Jati, Jakarta Timur, DKI Jakarta, 13520","+62218007122","riattravel09@gmail.com, info@riadtravel.co.id","www.riadtravel.co.id","Penyelenggara Ibadah Haji Khusus (PIHK)","https://himpuh.or.id/daftar-anggota/detail/82","Belum dihubungi",""
"45","PT. Sahara Kafilah Wisata","SAHARA KAFILA TOUR","Jakarta","Jl. Raya Bogor Km. 21 No. 1-2 Rambutan, Ciracas, Ciracas, Jakarta Timur, DKI Jakarta, 13830","+62218403641","saharakafila@yahoo.com, lutfi@saharakafila.com, hendra@saharakafila.com","www.saharakafila.com","Penyelenggara Ibadah Haji Khusus (PIHK)","https://himpuh.or.id/daftar-anggota/detail/84","Belum dihubungi",""
"46","PT. Tawakkal International Tour & Travel","TAWAKKAL","Tangerang","Jl. Pahlawan Seribu Ruko Golden Road, Blok.c32 No. 2 Bsd City, Serpong, Tangerang Selatan, Banten, 15322","+622153157365","tawakkal_hajiumroh@yahoo.com, tawakal.visaa@gmail.com","","Penyelenggara Ibadah Haji Khusus (PIHK)","https://himpuh.or.id/daftar-anggota/detail/87","Belum dihubungi",""
"47","PT. Trimitra Rezeki Wisata","Sinergi Braling","Jakarta","Rukan Avenue Blok 8 No. 079, Cakung, Jakarta Timur, DKI Jakarta, 13910","+622129844344","trimitrasub_umrahhaji@yahoo.com","","Penyelenggara Ibadah Haji Khusus (PIHK)","https://himpuh.or.id/daftar-anggota/detail/88","Belum dihubungi",""
"48","PT. Aero Globe Indonesia","AEROHAJJ","Jakarta","Jl. Prajurit Kko Usman & Harun No. 32, Senen, Senen, Jakarta Pusat, DKI Jakarta, 10410","+622183780480","aerohajj@aerowisatatravel.com","www.aerohajj.com","Penyelenggara Ibadah Haji Khusus (PIHK)","https://himpuh.or.id/daftar-anggota/detail/91","Belum dihubungi",""
"49","PT. Al Badriyah Wisata","PT. ALBADRIYAH WISATA","Jakarta","Vinilon Building Jl. Raden Saleh No. 13-17 Cikini - Jakarta Pusat, Kenari, Senen, Senen, Jakarta Pusat, DKI Jakarta, 10430","+622129619715","albadarwisata@gmail.com, subaebasni.sarbini@gmail.com","www.albadarwisata.com","Penyelenggara Ibadah Haji Khusus (PIHK)","https://himpuh.or.id/daftar-anggota/detail/93","Belum dihubungi",""
"50","PT. Al Hijrah Mulia Wisata","AL-HIJRAH TOUR & TRAVEL","Jakarta","Gd. Utaka 66, Lantai 1, Ruang 101,  Jl. Utan Kayu Raya No. 66 B, Matraman, Jakarta Timur, DKI Jakarta, 13220","+622185909536","alhijrah.muliawisata@gmail.com","www.alhijrah.id","Penyelenggara Ibadah Haji Khusus (PIHK)","https://himpuh.or.id/daftar-anggota/detail/96","Belum dihubungi",""
"51","PT. Arfina Margi Wisata","AL AZHAR TOUR & TRAVEL","Jakarta","Jl. Ciledug Raya No. 123a, Kebayoran Lama, Jakarta Selatan, DKI Jakarta, 12230","+622172787647","alazhar_arfina@yahoo.com","www.alazhartourtravel.com","Penyelenggara Ibadah Haji Khusus (PIHK)","https://himpuh.or.id/daftar-anggota/detail/99","Belum dihubungi",""
"52","PT. As-salam Mulya Al-haromain","PT. AS-SALAM MULYA AL-HAROMAIN","Jakarta","Jl. Ciputat Raya No. 4A Kebayoran lama Jakarta Selatan, Kebayoran Lama, Jakarta Selatan, DKI Jakarta, 12240","+62217290758","as_salam_mulya@yahoo.co.id","www.gatracktour.com","Penyelenggara Perjalanan Ibadah Umrah (PPIU)","https://himpuh.or.id/daftar-anggota/detail/101","Belum dihubungi",""
"53","PT. Attaqwa Garuda Insani","ATTAQWA TOUR","Jakarta","Wijaya Grand Centre Blok E/5, Jl. Wijaya Ii, Kebayoran Baru, Jakarta Selatan, DKI Jakarta, 12160","+62217393963","attaqwa_garuda_insani@yahoo.com","www.attaqwaumrohhaji.com","Penyelenggara Ibadah Haji Khusus (PIHK)","https://himpuh.or.id/daftar-anggota/detail/102","Belum dihubungi",""
"54","PT. Avianca Muliatama","AMANAH MULIA UMRAH & HAJJ SERVICE","Jakarta","Jl. Jend. Basuki Rahmat No. 25, Jatinegara, Jakarta Timur, DKI Jakarta, 13410","+622185911888","ticketing.avianca@gmail.com, amanah.mulia@yahoo.com, amanah.mulia2@gmail.com","www.amanahmulia.co.id","Penyelenggara Ibadah Haji Khusus (PIHK)","https://himpuh.or.id/daftar-anggota/detail/103","Belum dihubungi",""
"55","PT. Awana","Awana Tours & Travel","Jakarta","Jl. Pelita No. 2-g, Kebayoran Lama, Jakarta Selatan, DKI Jakarta, 12240","+62217238613","awana.tour@yahoo.co.id","www.awanatravel.co.id","Penyelenggara Perjalanan Ibadah Umrah (PPIU)","https://himpuh.or.id/daftar-anggota/detail/104","Belum dihubungi",""
"56","PT. Caraka Wisata Tour","CARAKA WISATA","Jakarta","Jl. Jati Baru Raya No. 56a, Gambir, Jakarta Pusat, DKI Jakarta, 10150","+62213451476","caraka.wisata@yahoo.co.id, caraka.wisata@yahoo.co.id","www.carakawisata.com","Penyelenggara Ibadah Haji Khusus (PIHK)","https://himpuh.or.id/daftar-anggota/detail/106","Belum dihubungi",""
"57","PT. Ceria Patria Wisata","Ceria Tours","Jakarta","Jl. Cempaka Putih Raya No.25, Cempaka Putih, Jakarta Pusat, DKI Jakarta, 10520","+622142872822","ceriapatriawisata@yahoo.co.id, ceriapatriawisata@gmail.com","www.ceriatours.com","Penyelenggara Ibadah Haji Khusus (PIHK)","https://himpuh.or.id/daftar-anggota/detail/107","Belum dihubungi",""
"58","PT. Mariam Riadien","MARIAM TRAVEL","Jakarta","Gedung Bangka 33 Lt. 2 Ruang 206, Jl. Kemang Raya No. 124b Bangka Pela Mampang, Mampang Prapatan, Jakarta Selatan, DKI Jakarta, 12720","+622171793347","eks.anggota.himpuh@gmail.com","www.mariamtravel.co.id","Biro Perjalanan Wisata (BPW)","https://himpuh.or.id/daftar-anggota/detail/112","Belum dihubungi",""
"59","PT. Nursa Tours & Travel","NURSA TOURS","Jakarta","Jl. Utan Kayu Raya No. 108, Matraman, Jakarta Timur, DKI Jakarta, 13120","+622185914431","eks.anggota.himpuh@gmail.com","www.nursa.co.id","Biro Perjalanan Wisata (BPW)","https://himpuh.or.id/daftar-anggota/detail/116","Belum dihubungi",""
"60","PT. Oranye Patria Wisata","ORANYE TOUR","Jakarta","Jl. Condet Raya No.12, Rt. 004/005, Kramat Jati, Jakarta Timur, DKI Jakarta, 13640","+622180886645","oranye_pw@yahoo.co.id, oranyepatriawisata@gmail.com","www.oranyetravel.com","Penyelenggara Ibadah Haji Khusus (PIHK)","https://himpuh.or.id/daftar-anggota/detail/117","Belum dihubungi",""
"61","PT. Pandi Kencana Murni","PAKEM Tours","Jakarta","Rukan Bisnis Park Kirana Cawang Jl. DI. Pandjaitan Kav. 48 Blok A-5 , Jatinegara, Jakarta Timur, DKI Jakarta, 13340","+622129067433","pakem_tours@yahoo.co.id, pakemtours.ops@gmail.com","www.pakemtours.co.id","Penyelenggara Ibadah Haji Khusus (PIHK)","https://himpuh.or.id/daftar-anggota/detail/118","Belum dihubungi",""
"62","PT. Gatra Citra Kencana","GACIKEN","Jakarta","Jl. Warung Jati Timur No. 26, Pancoran, Jakarta Selatan, DKI Jakarta, 12740","+622179191851","gatra_umrahhaji@yahoo.com, umrahhaji_group@yahoo.com","www.gatracktour.com","Penyelenggara Ibadah Haji Khusus (PIHK)","https://himpuh.or.id/daftar-anggota/detail/119","Belum dihubungi",""
"63","PT. Prima Mulia Wisata","PRIMA MULIA WISATA","Depok","Jl. Meruyung Raya No. 2 Rt.002/010, Pancoran Mas, Depok, Jawa Barat, 16434","+6221778888720","primamulia_wisata@yahoo.com, primamuliawisata02@gmail.com","www.primamuliawisata.blogspot.co.id","Penyelenggara Perjalanan Ibadah Umrah (PPIU)","https://himpuh.or.id/daftar-anggota/detail/122","Belum dihubungi",""
"64","PT. Ibapuisi Tour & Travel","PT. IBAPUISI TOUR & TRAVEL","Bekasi","Jl. Sultan Hasanuddin Ruko Permata Blok A2 No. 44, Tambun Selatan, Bekasi, Jawa Barat, 17510","+622189523333","ibapuisi.tour@gmail.com, ptibapuisi@gmail.com, info@ptibapuisi.com","www.ibapuisi.co.id","Penyelenggara Perjalanan Ibadah Umrah (PPIU)","https://himpuh.or.id/daftar-anggota/detail/123","Belum dihubungi",""
"65","PT. Kartika Utama","HARAMAINKU","Bogor","Cibubur Country RBOD 01 Rt.06/02, Gunung Putri, Bogor, Jawa Barat, 16966","+622129099858","haramainku@gmail.com, haramainku@yahoo.com","www.haramainku.com","Penyelenggara Ibadah Haji Khusus (PIHK)","https://himpuh.or.id/daftar-anggota/detail/125","Belum dihubungi",""
"66","PT. Kharissa Permai Holiday","PT. KHARISSA TOURS & TRAVEL","Jakarta","Jl. Cilosari No.24-b, Menteng, Jakarta Pusat, DKI Jakarta, 10330","+62213153554","eks.anggota.himpuh@gmail.com","www.kharissatours.com","Biro Perjalanan Wisata (BPW)","https://himpuh.or.id/daftar-anggota/detail/126","Belum dihubungi",""
"67","PT. Kubah Wisata Nusantara","KUBAH WISATA NUSANTARA","Jakarta","Komplek Duta Merlin Blok E31, Jl. Gajah Mada, Gambir, Jakarta Pusat, DKI Jakarta, 10130","+62216305144","kubahwisata97@yahoo.com","www.kubahwisata.com","Penyelenggara Ibadah Haji Khusus (PIHK)","https://himpuh.or.id/daftar-anggota/detail/127","Belum dihubungi",""
"68","PT. Madinah Iman Wisata","MADINAH IMAN WISATA","Tangerang","Jl. Merpati Raya, Ruko Harvest No.26., Ciputat, Tangerang Selatan, Banten, 15413","+62217422898","tour.madinah@gmail.com, info@madinahiman.co.id, infopusat1@gmail.com","www.madinahiman.co.id","Penyelenggara Ibadah Haji Khusus (PIHK)","https://himpuh.or.id/daftar-anggota/detail/129","Belum dihubungi",""
"69","PT. Marco Tour & Travel","MARCO TOUR & TRAVEL","Jakarta","Gedung Marco, Jl. Casablanca 1A Rt.009/010, Tebet, Jakarta Selatan, DKI Jakarta, 13350","+62218576343","umrah.marco@gmail.com, visaumrah.marco@gmail.com","www.marcoumrah.com","Penyelenggara Ibadah Haji Khusus (PIHK)","https://himpuh.or.id/daftar-anggota/detail/130","Belum dihubungi",""
"70","PT. Penata Rihlah","PENA TOUR","Jakarta","Jl. Raya Rusli Hakim No.1c, Pasar Minggu, Jakarta Selatan, DKI Jakarta, 12520","+62217949155","penatour14@gmail.com, halo@penatour.co.id","www.penatour.co.id","Penyelenggara Ibadah Haji Khusus (PIHK)","https://himpuh.or.id/daftar-anggota/detail/132","Belum dihubungi",""
"71","PT. Mideast Express","Mideast Tour","Jakarta","Jl. Lapangan Roos Raya No. 8, Tebet, Jakarta Selatan, DKI Jakarta, 12480","+62218304602","mideast_2002@yahoo.com, salmin_saleh@yahoo.com","www.mideastour.com","Penyelenggara Ibadah Haji Khusus (PIHK)","https://himpuh.or.id/daftar-anggota/detail/136","Belum dihubungi",""
"72","PT. Gaido Azza Darussalam Indonesia","Gaido Travel & Tours","Jakarta","Jl. Kyai Caringin No. 5 Cideng Jakarta Pusat, Gambir, Jakarta Pusat, DKI Jakarta, 10150","+622134834400","haji@gaidotravel.com, umroh@gaidotravel.com","www.gaidotravel.com","Penyelenggara Ibadah Haji Khusus (PIHK)","https://himpuh.or.id/daftar-anggota/detail/139","Belum dihubungi",""
"73","PT. Witami Prabuana Cipta","WITAMI TOURS & TRAVEL","Jakarta","Jl. Rawajati Timur Raya No. 2, Pancoran, Jakarta Selatan, DKI Jakarta, 12750","+62217974461","eks.anggota.himpuh@gmail.com","www.witamitravel.com","Penyelenggara Perjalanan Ibadah Umrah (PPIU)","https://himpuh.or.id/daftar-anggota/detail/140","Belum dihubungi",""
"74","PT. Zamzam Sumbula Thoyyiba","Zamzam Travel","Jakarta","Jalan Panglima Polim V no 4 keb baru Melawai Jakarta Selatan , Kebayoran Baru, Jakarta Selatan, DKI Jakarta","+622127092009","zamzamst@gmail.com","www.zamzamsumbula.com","Penyelenggara Ibadah Haji Khusus (PIHK)","https://himpuh.or.id/daftar-anggota/detail/141","Belum dihubungi",""
"75","PT. Minamas Angkasa Sakti","PT. MINAMAS ANGKASA SAKTI","Jakarta","Jl. Bendungan Hilir Raya No. 18 Rt. 002 RW. 004 Kel. Bendungan Hilir Kec. Tanah Abang Kota Administrasi Jakarta Pusat Provinsi Daerah Khusus Ibukota Jakarta, Tanah Abang, Jakarta Pusat, DKI Jakarta, 10210","+620215735556","minamas_tours@yahoo.co.id","www.minamastravel.com","Penyelenggara Ibadah Haji Khusus (PIHK)","https://himpuh.or.id/daftar-anggota/detail/143","Belum dihubungi",""
"76","PT. Biro Perjalanan Wisata Razek Tour & Travel","RAZEK TOURS","Jakarta","Jl. Bendungan Hilir Raya No.18, Tanah Abang, Jakarta Pusat, DKI Jakarta, 10210","+62215732040","razektour_visa@yahoo.co.id, razektour.haji@yahoo.com","www.razektour.com","Penyelenggara Ibadah Haji Khusus (PIHK)","https://himpuh.or.id/daftar-anggota/detail/144","Belum dihubungi",""
"77","PT. Al Amsor Mubarokah Wisata","AMSOR TOUR","Jakarta","Bona Indah Plaza A2-A5, Jl. Karang Tengah Raya, Cilandak, Jakarta Selatan, DKI Jakarta, 12440","+62217944825","alamsorwisata@yahoo.co.id","www.al-amsor.com","Penyelenggara Ibadah Haji Khusus (PIHK)","https://himpuh.or.id/daftar-anggota/detail/145","Belum dihubungi",""
"78","PT. Alfir Wisata","ALFIR TOUR & TRAVEL","Jakarta","Jl. Taman Makam Pahlawan Kalibata No. 1, Pancoran, Jakarta Selatan, DKI Jakarta, 12760","+622122793053","alfir_wisatautama@yahoo.com, visa_alfir@yahoo.com","www.alfirwisata.com","Penyelenggara Ibadah Haji Khusus (PIHK)","https://himpuh.or.id/daftar-anggota/detail/148","Belum dihubungi",""
"79","PT. Arnusaid Tour & Travel","ARNUSSA TOUR","Jakarta","Jl. Bendungan Hilir Iv No. 18, Tanah Abang, Jakarta Pusat, DKI Jakarta, 10210","+62215735505","arnussatour@yahoo.com, arnussatour.travel@gmail.com","-","Penyelenggara Ibadah Haji Khusus (PIHK)","https://himpuh.or.id/daftar-anggota/detail/149","Belum dihubungi",""
"80","PT. As-syirbani Mandiri Wisata","SAMAWA TOUR","Jakarta","Jl. Asem Baris Raya No. 8c, Tebet, Jakarta Selatan, DKI Jakarta, 12830","+622183787992","eks.anggota.himpuh@gmail.com","www.samawatour.co.id","Biro Perjalanan Wisata (BPW)","https://himpuh.or.id/daftar-anggota/detail/150","Belum dihubungi",""
"81","PT. Basmah Aryo Wisata","BASMAH TOUR","Jakarta","Graha Mas Fatmawati Blok A 31, Kebayoran Baru, Jakarta Selatan, DKI Jakarta, 12150","+62217202356","maghfiroh_basmah@yahoo.com, maghfiroh02basmah@gmail.com","www.basmah@yahoo.com","Penyelenggara Ibadah Haji Khusus (PIHK)","https://himpuh.or.id/daftar-anggota/detail/152","Belum dihubungi",""
"82","PT. Bina Kreasi Pesona Selaras","BINA WISATA","Jakarta","Jl. Palbatu Raya No. 6 Casablanca No. 6 Rt. 001/rw. 004, Tebet, Jakarta Selatan, DKI Jakarta, 12810","+62218353811","eks.anggota.himpuh@gmail.com","www.binawisata.com","Biro Perjalanan Wisata (BPW)","https://himpuh.or.id/daftar-anggota/detail/153","Belum dihubungi",""
"83","PT. Farah Faza Astatama","FARFAZA","Jakarta","Jl. Kramat II No.59 Kwitang, Senen, Jakarta Pusat, Senen, Jakarta Pusat, DKI Jakarta, 10430","+62213908429","farfaza_jkt@yahoo.co.id, saodahfarfaza@gmail.com","www.farfazatravel.com","Penyelenggara Ibadah Haji Khusus (PIHK)","https://himpuh.or.id/daftar-anggota/detail/156","Belum dihubungi",""
"84","PT. Flywell Travel","PT. Flywell Travel Indonesia","Jakarta","Jl. Jend. Sudirman Kav. 3-4, Tanah Abang, Jakarta Pusat, DKI Jakarta, 10210","+62215711000","eks.anggota.himpuh@gmail.com","-","Penyelenggara Perjalanan Ibadah Umrah (PPIU)","https://himpuh.or.id/daftar-anggota/detail/157","Belum dihubungi",""
"85","PT. Gadika Expressindo","Gadika","Jakarta","Jl. Bulak Rantai No.1c, Kramat Jati, Jakarta Timur, DKI Jakarta, 13510","+622180888682","gadika_travel@yahoo.com, diana_gadika@yahoo.com","www.gadikaexpressindo.com","Penyelenggara Ibadah Haji Khusus (PIHK)","https://himpuh.or.id/daftar-anggota/detail/158","Belum dihubungi",""
"86","PT. Biro Perjalanan Wisata Helutrans Alhaadi Ziarah","Haztour","Jakarta","Ruko Puri Sentra Niaga Blok A No.5-6, Cipinang Melayu, Makasar, Makasar, Jakarta Timur, DKI Jakarta, 13620","+622186601315","nadjibsalim@ymail.com, fudhorihaztour@ymail.com, helutransalhaadiziarahtour@gmail.com","www.haztour.com","Penyelenggara Ibadah Haji Khusus (PIHK)","https://himpuh.or.id/daftar-anggota/detail/160","Belum dihubungi",""
"87","PT. Biro Perjalanan Wisata Hudaya Safari","HUDAYA SAFARI TRAVEL","Jakarta","Gedung Dewan Da'wah Lt.3 Jl. Raya Kebon Jeruk No. 12 Kelurahan Kebon Jeruk Kecamatan Kebon Jeruk Kota Jakarta Barat, Kebon Jeruk, Jakarta Barat, DKI Jakarta, 10450","+622131900306","hudayasafari@gmail.com, info@hudayasafari.com","www.hudayasafari.com","Penyelenggara Ibadah Haji Khusus (PIHK)","https://himpuh.or.id/daftar-anggota/detail/161","Belum dihubungi",""
"88","PT. Khalifa Wisata","KHATRAV","Jakarta","Bukit Podomoro Business Park, Jl. I GUsti Ngurah Rai No. 20, Klender, Duren Sawit, Jakarta Timur, DKI Jakarta","+622183794854","khalifa_wisata@yahoo.co.id, khalifawisata29@gmail.com","www.khalifatravel.com","Penyelenggara Ibadah Haji Khusus (PIHK)","https://himpuh.or.id/daftar-anggota/detail/162","Belum dihubungi",""
"89","PT. Khalifa International Bussiness","KHALIFA HAJJ","Jakarta","Jl. Basuki Rahmat No. 25, Jatinegara, Jakarta Timur, DKI Jakarta, 13350","+62218517262","umrah@asiawisata.com, info@asiawisata.com","www.khalifahajj.travel","Penyelenggara Perjalanan Ibadah Umrah (PPIU)","https://himpuh.or.id/daftar-anggota/detail/163","Belum dihubungi",""
"90","PT. Marwah Sari Utama","Marwah","Jakarta","Jl. Asembaris Raya No.1-b, Tebet, Jakarta Selatan, DKI Jakarta, 12830","+622183702761","visa@marwah.co.id, haji@marwah.co.id","www.marwah.co.id","Penyelenggara Ibadah Haji Khusus (PIHK)","https://himpuh.or.id/daftar-anggota/detail/167","Belum dihubungi",""
"91","PT. Mutiara Lima Wisata","Mutiara Tour & Travel","Jakarta","Jl. Raya Pasar Minggu No. 13, Pancoran, Jakarta Selatan, DKI Jakarta, 12780","+62217995473","mutiara5wisata@yahoo.com, mutiaralimawisata19@gmail.com","-","Penyelenggara Ibadah Haji Khusus (PIHK)","https://himpuh.or.id/daftar-anggota/detail/168","Belum dihubungi",""
"92","PT. Oriana Cakrawala","CAKRAWALA TOUR","Jakarta","Jl. Brigjend. Katamso No. 33, Palmerah, Jakarta Barat, DKI Jakarta, 11420","+622129414761","orianacakrfawala67@yahoo.com, orianacakrawala67@gmail.com","www.orianacakrawala.com","Penyelenggara Ibadah Haji Khusus (PIHK)","https://himpuh.or.id/daftar-anggota/detail/169","Belum dihubungi",""
"93","PT. Pacto Tour & Travel","PACTO","Jakarta","Wisma Agung Lt. 1  Jl. Taman Kemang No. 21 , Mampang Prapatan, Jakarta Selatan, DKI Jakarta, 12730","+62217196550","herman@pactoltd.com, cs_umrohhaji@pactoltd.com","www.pactoltd.com","Penyelenggara Ibadah Haji Khusus (PIHK)","https://himpuh.or.id/daftar-anggota/detail/170","Belum dihubungi",""
"94","PT. Panji Mas Wisata","PASWITA","Jakarta","Jl. Tebet Raya No. 32, Tebet, Jakarta Selatan, DKI Jakarta, 12810","+622129465368","panjimaswisata.hajiumrah@gmail.com, alip@kuwais.net, panjimaswisata1@gmail.com","www.panjimaswisata.com","Penyelenggara Ibadah Haji Khusus (PIHK)","https://himpuh.or.id/daftar-anggota/detail/171","Belum dihubungi",""
"95","PT. Raudhah Amani Wisata","RAMANI","Jakarta","Jl. Asembaris Raya No.1-a, Tebet, Jakarta Selatan, DKI Jakarta, 12830","+62218298383","visa@ramani.co.id, umrah.ramani@gmail.com","www.ramani.co.id","Penyelenggara Ibadah Haji Khusus (PIHK)","https://himpuh.or.id/daftar-anggota/detail/176","Belum dihubungi",""
"96","PT. Sandhora Wahana Wisata","SWW TRAVEL","Jakarta","Jl. Gaharu 1 No. 92kel: Cipete Selatan, Cilandak, Jakarta Selatan, DKI Jakarta, 12410","+62217512250","sowait@gmail.com, athalla.ardana@gmail.com","www.sandhoratravel.id","Penyelenggara Ibadah Haji Khusus (PIHK)","https://himpuh.or.id/daftar-anggota/detail/178","Belum dihubungi",""
"97","PT. Swadharma Travelindo","SWATRAVEL","Jakarta","Jl. Pos Pengumben Raya No. 18 B, Kebon Jeruk, Jakarta Barat, DKI Jakarta, 11560","+622153651555","swadharma_travelindo@yahoo.com, visa.swadharma@gmail.com","www.swatrav.com","Penyelenggara Ibadah Haji Khusus (PIHK)","https://himpuh.or.id/daftar-anggota/detail/182","Belum dihubungi",""
"98","PT. Wukuf Wisata Indonesia","WUKUF WISATA INDONESIA","Jakarta","Rukan Avenue, Jakarta Garden City No. 8-099 Kel. Cakung Timur, Cakung, Jakarta Timur, DKI Jakarta, 13910","+622188957656","wukufindonesia@yahoo.com","www.wukufwisataind.simplesite.com","Penyelenggara Ibadah Haji Khusus (PIHK)","https://himpuh.or.id/daftar-anggota/detail/183","Belum dihubungi",""
"99","PT. Diyo Siba Tour & Travel","Diyo Siba","Jakarta","Jl. Pacuan Kuda Raya No. 03 Rt. 11/11, Pulo Gadung, Jakarta Timur, DKI Jakarta, 13210","+622147863319","eks.anggota.himpuh@gmail.com","www.diyosiba.com","Biro Perjalanan Wisata (BPW)","https://himpuh.or.id/daftar-anggota/detail/185","Belum dihubungi",""
"100","PT. El - Atieq Tour & Travel","El - Atieq","Jakarta","Jl. Kalimalang Raya Blok N/2a Rt. 02/10, Duren Sawit, Jakarta Timur, DKI Jakarta, 13450","+622122865863","eks.anggota.himpuh@gmail.com","www.elatieq.com","Penyelenggara Perjalanan Ibadah Umrah (PPIU)","https://himpuh.or.id/daftar-anggota/detail/186","Belum dihubungi",""
"101","PT. Safira Perdana","SAFINA TOURS & TRAVEL SERVICES","Jakarta","GRAHA WIYARTA, Jl. Cempaka Putih Tengah I No. 5D, Cempaka Putih, Jakarta Pusat, DKI Jakarta, 10510","+62214203999","eks.anggota.himpuh@gmail.com","www.safina.co.id","Penyelenggara Perjalanan Ibadah Umrah (PPIU)","https://himpuh.or.id/daftar-anggota/detail/189","Belum dihubungi",""
"102","PT. Manajemen Qolbu Tauhiid","MQ TRAVEL","Jakarta","Jl. Cisanggiri  I No. 2A, Kebayoran Baru, Jakarta Selatan, DKI Jakarta, 12170","+62217235255","csmqtravel@gmail.com, rinnuhidayati@gmail.com","www.mqtravel.co.id","Penyelenggara Ibadah Haji Khusus (PIHK)","https://himpuh.or.id/daftar-anggota/detail/192","Belum dihubungi",""
"103","PT. Mulia Pacific","MULIA PACIFIC","Jakarta","Jl. Radio Dalam Raya No. 16b, Kebayoran Baru, Jakarta Selatan, DKI Jakarta, 12140","+62217229001","muliapacific.tour@yahoo.com","-","Penyelenggara Ibadah Haji Khusus (PIHK)","https://himpuh.or.id/daftar-anggota/detail/194","Belum dihubungi",""
"104","PT. Al Amin Ahsan Travel","Alisan Tour & Travel","Jakarta","Graha Alisan, Jl. Asem Baris Raya No. 126/3, Kebon Baru, Tebet, Tebet, Jakarta Selatan, DKI Jakarta, 12830","+62218301010","x@himpuh.or.id","www.alisantour.co.id","Biro Perjalanan Wisata (BPW)","https://himpuh.or.id/daftar-anggota/detail/195","Belum dihubungi",""
"105","PT. Mutiara Ajwah Mandiri","AJWAH TOURS & TRAVEL","Bekasi","JL. SETIA RAYA NO.01, RT.18/07, Pondok Gede, Bekasi, Jawa Barat, 17411","+622184903654","ajwahtour@yahoo.com","www.ajwahtour.com","Penyelenggara Perjalanan Ibadah Umrah (PPIU)","https://himpuh.or.id/daftar-anggota/detail/197","Belum dihubungi",""
"106","PT. Alkhalid Jaya Megah","JAYA MEGAH TOUR","Jakarta","Jl. Panglima Polim Raya No. 21c, Kebayoran Baru, Jakarta Selatan, DKI Jakarta, 12160","+622172789049","eks.anggota.himpuh@gmail.com","www.jayamegah-tour.com","Biro Perjalanan Wisata (BPW)","https://himpuh.or.id/daftar-anggota/detail/198","Belum dihubungi",""
"107","PT. Pantravel","PANTRAVEL","Jakarta","Jl. Dr. Saharjo No.96a, Setia Budi, Jakarta Selatan, DKI Jakarta, 12960","+62218291008","alhijrah@pantravel.co.id, nanang@pantravel.co.id","www.pantravel.co.id","Penyelenggara Ibadah Haji Khusus (PIHK)","https://himpuh.or.id/daftar-anggota/detail/201","Belum dihubungi",""
"108","PT. Anamona Tour & Travel","PT. ANAMONA TOUR & TRAVEL","Jakarta","Jl. Inspeksi Saluran Kalimalang No. 4D RT.4 RW.4, Kel. Pondok Bambu, Duren Sawit, Jakarta Timur, DKI Jakarta, 13430","+622129622387","anamonatour_2011@yahoo.com, fadhilaskar.71@gmail.com","www.anamonatour.co.id","Penyelenggara Ibadah Haji Khusus (PIHK)","https://himpuh.or.id/daftar-anggota/detail/202","Belum dihubungi",""
"109","PT. Arie Tour & Travel","ARIE TOUR & TRAVEL","Bekasi","Ruko Kalimas, Jl. Chairil Anwar Blok B No. 12, Babelan, Bekasi, Jawa Barat, 17113","+622188347537","info_arietours@yahoo.com","www.arietours.com","Penyelenggara Ibadah Haji Khusus (PIHK)","https://himpuh.or.id/daftar-anggota/detail/203","Belum dihubungi",""
"110","PT. Arston Pesona Indonesia","ARSTON TOURS","Jakarta","Jl. RC Veteran Raya No. 6, Pesanggrahan, Jakarta Selatan, DKI Jakarta, 12330","+62217375767","arstonpesona@gmail.com, arston.marketing@gmail.com","www.arstontours.com","Penyelenggara Ibadah Haji Khusus (PIHK)","https://himpuh.or.id/daftar-anggota/detail/204","Belum dihubungi",""
"111","PT. Qifaya Tour & Travel","Qifaya Umroh Haji","Jakarta","Jl. Kayu Jati Iii No. 1 Pulogadung, Pulo Gadung, Jakarta Timur, DKI Jakarta, 13210","+62214709798","qifayatravel@ymail.com, qifaya.umroh@gmail.com","www.qifaya.com","Penyelenggara Ibadah Haji Khusus (PIHK)","https://himpuh.or.id/daftar-anggota/detail/205","Belum dihubungi",""
"112","PT. Safa Insan Armani","SHOFA TOUR","Jakarta","Gedung Grand Slipi Lat. 9 Unit K, Jl. Letjen S. Parman Kav 22-24 Slipi Palmerah , Palmerah, Jakarta Barat, DKI Jakarta, 11480","+622129865841","shofa.tour@yahoo.com","www.shofatour.com","Penyelenggara Ibadah Haji Khusus (PIHK)","https://himpuh.or.id/daftar-anggota/detail/207","Belum dihubungi",""
"113","PT. Sari Ramada Arafah","Sari Ramada Travel","Jakarta","Hotel Kartika Chandra 003 Arcade G 001-003, Jl. Gatot Subroto, Setia Budi, Jakarta Selatan, DKI Jakarta, 12710","+62215210818","travel@sariramada.com, sariramadajkt@yahoo.com","www.sariramada.com","Penyelenggara Ibadah Haji Khusus (PIHK)","https://himpuh.or.id/daftar-anggota/detail/211","Belum dihubungi",""
"114","PT. Batemuri Tours","Batemuri Tours","Jakarta","Gedung Menara Hijau Lt. 3 Ruang 304, Jl. Mt. Haryono Kav.3, Pancoran, Jakarta Selatan, DKI Jakarta, 12770","+62217985920","batemuri@cbn.net.id","www.batemuritours.co.id","Penyelenggara Ibadah Haji Khusus (PIHK)","https://himpuh.or.id/daftar-anggota/detail/212","Belum dihubungi",""
"115","PT. Bayuaji Dunia Wisata","BAYUAJI TOUR","Jakarta","Gedung Wisma Bayuaji Lt. 4 Jl. Gandaria Iii No. 44 Kramat Pela, Kebayoran Baru, Kebayoran Baru, Jakarta Selatan, DKI Jakarta, 12130","+62217232274","bayuajitour@yahoo.com, bayuajitur@yahoo.com","www.bayuajitravel.com","Penyelenggara Ibadah Haji Khusus (PIHK)","https://himpuh.or.id/daftar-anggota/detail/213","Belum dihubungi",""
"116","PT. Biro Perjalanan Wisata Cordova Abila","PT. CORDOVA ABILA Travel","Jakarta","Jl. Kemang Timur Raya No. 48, Mampang Prapatan, Jakarta Selatan, DKI Jakarta, 12730","+62217194808","mailbox@cordova-travel.com, cordova.abila@yahoo.com","www.cordova-travel.com","Penyelenggara Ibadah Haji Khusus (PIHK)","https://himpuh.or.id/daftar-anggota/detail/215","Belum dihubungi",""
"117","PT. Tauba Zakka Atkia","Tazkia Tours & Travel","Jakarta","Crown Plaza Blok B-01, Jl. Prof. Dr. Soepomo No. 231 Menteng Dalam - Tebet, Tebet, Jakarta Selatan, DKI Jakarta, 12870","+622183787401","tazkiatravel@yahoo.com","www.tazkiatravel.com","Penyelenggara Ibadah Haji Khusus (PIHK)","https://himpuh.or.id/daftar-anggota/detail/218","Belum dihubungi",""
"118","PT. Blang Ponte Tours & Travel","BLANG PONTE TOURS","Jakarta","Gedung Daniprisma Lt.2, Jl. Sultan Hasanuddin No. 47-48, Kebayoran Baru, Jakarta Selatan, DKI Jakarta, 12160","+62217205444","eks.anggota.himpuh@gmail.com","www.blangponte.co.id","Biro Perjalanan Wisata (BPW)","https://himpuh.or.id/daftar-anggota/detail/219","Belum dihubungi",""
"119","PT. Blocking Ticket Center","ALARAF BTC TRAVEL","Jakarta","Jl. Buncit Raya No. 10.c Pejaten Pasar Minggu, Pasar Minggu, Jakarta Selatan, DKI Jakarta, 12550","+62217812484","alibtctour@gmail.com, info@btctour.com","www.btctravel.co.id","Penyelenggara Perjalanan Ibadah Umrah (PPIU)","https://himpuh.or.id/daftar-anggota/detail/221","Belum dihubungi",""
"120","PT. Centig Tour Wisata","CENTIG TOUR","Jakarta","Rasuna office Park unit ZO-07, Setia Budi, Jakarta Selatan, DKI Jakarta, 12940","+622165860504","tourcentig@gmail.com","www.umrohaji.net","Penyelenggara Perjalanan Ibadah Umrah (PPIU)","https://himpuh.or.id/daftar-anggota/detail/222","Belum dihubungi",""
"121","PT. Chandragama Muda","PT. CHANDRAGAMA MUDA","Jakarta","Jl. Taman Citra Garden 2 Blok H-1/28, Pegadungan, Kalideres, Jakarta Barat, DKI Jakarta, 11830","+62216199175","eks.anggota.himpuh@gmail.com","www.mudatur.com","Biro Perjalanan Wisata (BPW)","https://himpuh.or.id/daftar-anggota/detail/223","Belum dihubungi",""
"122","PT. Fazary Wisata","Fazary Wisata","Tangerang","Ruko Prima Bintaro Blok. D, Jl. Wr. Supratman No. 53 Sektor 3 Bintaro Jaya, Ciputat Timur, Tangerang Selatan, Banten, 15412","+62217371095","fazary96@yahoo.com, juli@fazarywisata.com","www.fazarywisata.com","Penyelenggara Ibadah Haji Khusus (PIHK)","https://himpuh.or.id/daftar-anggota/detail/224","Belum dihubungi",""
"123","PT. Tripuri Wisata","Tripuri Travel","Jakarta","Jl. Raya Perjuangan No. 12 Rt.09/07, Kebon Jeruk, Jakarta Barat, DKI Jakarta, 11530","+62215324477","info@tripuri.com","www.tripurigroup.com","Penyelenggara Perjalanan Ibadah Umrah (PPIU)","https://himpuh.or.id/daftar-anggota/detail/227","Belum dihubungi",""
"124","PT. Tunas Rizki Semesta","Tunastours","Bekasi","Graha Persada 2 Lt.1 Lobby Unit B, Jl. KH. Noer Ali No. 89A, Babelan, Bekasi, Jawa Barat, 17144","+622129572908","pttunasrizkisemesta@gmail.com, info@tunastours.com, rastika.tunastours@gmail.com","www.tunastours.com","Penyelenggara Ibadah Haji Khusus (PIHK)","https://himpuh.or.id/daftar-anggota/detail/230","Belum dihubungi",""
"125","PT. Turisina Buana","Tibi tours","Jakarta","Jl. Balai Putaka Timur Raya No. 39 Blok. A-6 Rawamangun, Pulo Gadung, Jakarta Timur, DKI Jakarta, 13220","+62214709933","welcome@tibitour.com, ikathati@tibitour.com","www.tibitour.com","Penyelenggara Ibadah Haji Khusus (PIHK)","https://himpuh.or.id/daftar-anggota/detail/231","Belum dihubungi",""
"126","PT. Yatsrib Daarul Ulum","YATSRIB TOUR & TRAVEL","Tangerang","Ruko Cileduk Center Blok. B7, Jl. Yos Cokroaminoto, Balaraja, Tangerang, Banten, 15154","+62217312405","contact@yatsribtravel.com","www.yatsribdaarululum.com","Penyelenggara Ibadah Haji Khusus (PIHK)","https://himpuh.or.id/daftar-anggota/detail/232","Belum dihubungi",""
"127","PT. Indah Permata Permai","INDAH PERMATA PERMAI","Jakarta","Jl. Pacuan Kuda Raya No. 03 Rt.11/11 Rawamangun Pulo Gadung, Pulo Gadung, Jakarta Timur, DKI Jakarta, 13210","+622147863319","eks.anggota.himpuh@gmail.com","www.indahpermatatours.wixsite.com","Biro Perjalanan Wisata (BPW)","https://himpuh.or.id/daftar-anggota/detail/233","Belum dihubungi",""
"128","PT. Ziar Nida'ul Haramain","ZNH Travel","Jakarta","Jl. Kh. Abdullah Syafei No. 33 Rt. 012/009, Kel Bukit Duri, Tebet, Jakarta Selatan, DKI Jakarta, 12840","+622183705291","ziartours@yahoo.com, ziarnidaulharamain@gmail.com","-","Penyelenggara Ibadah Haji Khusus (PIHK)","https://himpuh.or.id/daftar-anggota/detail/234","Belum dihubungi",""
"129","PT. Jannah Firdaus Tour & Travel","JANNAH","Depok","Jl. Cinere Raya, Ruko Puri Niaga No. 11b Cinere  Cinere, Cinere, Depok, Jawa Barat, 16514","+62217532095","umrah.jafa@gmail.com","-","Penyelenggara Ibadah Haji Khusus (PIHK)","https://himpuh.or.id/daftar-anggota/detail/235","Belum dihubungi",""
"130","PT. Kindai Tour & Travel","Biro Perjalanan Wisata","Jakarta","Jl. Cilandak Bawah I, No.23 Cilandak Barat, Jakarta Selatan, Cilandak, Jakarta Selatan, DKI Jakarta, 12430","+62215704843","haji@kindaitoursandtravel.com, umroh@kindaitoursandtravel.com, umroh_haji@kindaitoursandtravel.com","www.kindaitoursandtravel.com","Penyelenggara Ibadah Haji Khusus (PIHK)","https://himpuh.or.id/daftar-anggota/detail/237","Belum dihubungi",""
"131","PT. Kotapiring Kencana","Kencana Umrah","Jakarta","Jl. Pemuda - Komp. Ruko Graha Mas Pemuda Blok. Aa No. 19, Pulo Gadung, Jakarta Timur, DKI Jakarta, 13220","+622147860999","kotapiring.kencana@gmail.com","www.hajiumrahplus.com","Penyelenggara Ibadah Haji Khusus (PIHK)","https://himpuh.or.id/daftar-anggota/detail/238","Belum dihubungi",""
"132","PT. Farhan Surya Indah","Farhan Surya Indah Tour & Travel","Jakarta","Jl. Cipinang Jaya Raya Blok. A No. 7, Jatinegara, Jakarta Timur, DKI Jakarta, 13410","+62218577149","farhansuryaindah@gmail.com","www.farhan-surya-indah.com","Penyelenggara Ibadah Haji Khusus (PIHK)","https://himpuh.or.id/daftar-anggota/detail/241","Belum dihubungi",""
"133","PT. Mulia Wisata Abadi","Mulia Wisata Abadi","Jakarta","Jl. Raya Pondok Gede, Ruko Pondok Gede Indah no. 18E, Cipayung, Jakarta Timur, DKI Jakarta, 13810","+62218406665","muliawisata@yahoo.com","-","Penyelenggara Ibadah Haji Khusus (PIHK)","https://himpuh.or.id/daftar-anggota/detail/244","Belum dihubungi",""
"134","PT. Nur Ja'rona Travel","MJ Tavel","Jakarta","Jl. Nangka 1 Rt. 004/005 No. 48, Jagakarsa, Jakarta Selatan, DKI Jakarta, 12530","+622178847932","eks.anggota.himpuh@gmail.com","-","Penyelenggara Perjalanan Ibadah Umrah (PPIU)","https://himpuh.or.id/daftar-anggota/detail/245","Belum dihubungi",""
"135","PT. Mutiara Qonita Wisata","Qonita Wisata","Tangerang","Perkantoran Mall WTC Matahari No.5825. Jl. Raya Serpong, Serpong Utara, Tangerang Selatan, Banten, 15326","+62215385331","mutiara_qw@yahoo.co.id, qonitawisata.mutiara@gmail.com","www.qonitawisata.com","Penyelenggara Ibadah Haji Khusus (PIHK)","https://himpuh.or.id/daftar-anggota/detail/249","Belum dihubungi",""
"136","PT. Tunas Armindo Wisata","Armindo Wisata","Jakarta","Sentra Timur Commercial Park 7 No. 7 Pulogadung, Jatinegara, Jakarta Timur, DKI Jakarta, 13350","+6202122859731","jkt.tunasarmindowisata@yahoo.co.id, tunas.wisata1@gmail.com","-","Penyelenggara Ibadah Haji Khusus (PIHK)","https://himpuh.or.id/daftar-anggota/detail/250","Belum dihubungi",""
"137","PT. Al Marhamah Cahaya Utama","Almarhamah","Jakarta","Mt. Haryono Square Office 01/09, Jl. Otista Raya No. 390, Jatinegara, Jakarta Timur, DKI Jakarta, 13330","+622129067285","al_marhamah13@yahoo.com","-","Penyelenggara Ibadah Haji Khusus (PIHK)","https://himpuh.or.id/daftar-anggota/detail/252","Belum dihubungi",""
"138","PT. Lazuardi Titian Wisata","Lazuardi Umrah & Hajj","Jakarta","Jl. Condet Raya No. 9a, Kramat Jati, Jakarta Timur, DKI Jakarta, 13530","+6281199777999","ptlazuardititianwisata@gmail.com","www.lazuardi-travel.com","Penyelenggara Ibadah Haji Khusus (PIHK)","https://himpuh.or.id/daftar-anggota/detail/253","Belum dihubungi",""
"139","PT. Selaras Citanusa Wisata","SELARAS WISATA","Jakarta","Jl. Ciputat Raya No. 100A, , Kebayoran Lama, Jakarta Selatan, DKI Jakarta, 12240","+622129236202","info@selaraswisata.com","-","Penyelenggara Ibadah Haji Khusus (PIHK)","https://himpuh.or.id/daftar-anggota/detail/255","Belum dihubungi",""
"140","PT. Gesya Prima Biro Perjalanan Umum","PT. Gesya Tour & Travel","Jakarta","Jl. Cipinang Muara Raya No. 42a, Jatinegara, Jakarta Timur, DKI Jakarta, 13420","+622122832032","gesya_travel@yahoo.com","www.gesyatravel.com","Penyelenggara Ibadah Haji Khusus (PIHK)","https://himpuh.or.id/daftar-anggota/detail/256","Belum dihubungi",""
"141","PT. Al Jazirah Indonesia","JAZIRAH","Bekasi","Jl. Bintara Raya No. 1B, Babelan, Bekasi, Jawa Barat, 17134","+62218352590","eks.anggota.himpuh@gmail.com","www.aljazirah.co.id","Penyelenggara Perjalanan Ibadah Umrah (PPIU)","https://himpuh.or.id/daftar-anggota/detail/259","Belum dihubungi",""
"142","PT. Sahabat Mulia Utama","SAHABAT MULIA TOUR","Jakarta","Gedung Dewan Dakwah Lt. 4 Jl. Panjang 12 Arteri Kelapa Dua,, Kebon Jeruk, Jakarta Barat, DKI Jakarta, 11530","+6221532709","sahabatmulia@hotmail.com","www.sahabatmuliatour.com","Penyelenggara Perjalanan Ibadah Umrah (PPIU)","https://himpuh.or.id/daftar-anggota/detail/262","Belum dihubungi",""
"143","PT. Assami Ananda Tour","ANANDA TOUR","Jakarta","Jl. Raya Condet No. 2c Rt.005/003, Kramat Jati, Jakarta Timur, DKI Jakarta, 13530","+622129840409","infoumroh@anandatour.co.id, assami@anandatour.co.id","www.anandatour.co.id","Penyelenggara Perjalanan Ibadah Umrah (PPIU)","https://himpuh.or.id/daftar-anggota/detail/263","Belum dihubungi",""
"144","PT. Rihlahtul Hidayah Wisata","RIHLAH TOUR & TRAVEL","Jakarta","RUKAN MEDICAL D6. JL RAYA PONDOK KELAPA RT.1 RW.1 , Duren Sawit, Jakarta Timur, DKI Jakarta, 13450","+622122847535","rh.tourwisata@gmail.com","https://rihlahtulhidayahwisata.co.id","Penyelenggara Ibadah Haji Khusus (PIHK)","https://himpuh.or.id/daftar-anggota/detail/266","Belum dihubungi",""
"145","PT. Sofyan Wisata Ihsani","S.W..I TRAVEL MANAGEMENT","Jakarta","Cityloft Office Apartement Floor 9 Suite 907 Jl. K.H. Mas Mansyur No.121 RT13/RW11, Tanah Abang, Jakarta Pusat, DKI Jakarta, 10220","+622131907613","sofyan.wisata@yahoo.com, umrah@swi.co.id, sofyan.wisata@swi.co.id","www.switravel.co.id","Penyelenggara Perjalanan Ibadah Umrah (PPIU)","https://himpuh.or.id/daftar-anggota/detail/270","Belum dihubungi",""
"146","PT. Wisata Titiannusantara Pelangi","AL MALIK UMRAH & HAJI KHUSUS","Tangerang","Jl.Veteran Raya Blok D.13 No.19, Tangerang, Tangerang, Banten, 15540","+622155789098","supriyadi.margono@almaliktravel.com, arkan.fadhil@almaliktravel.com","www.almaliktravel.com","Penyelenggara Ibadah Haji Khusus (PIHK)","https://himpuh.or.id/daftar-anggota/detail/273","Belum dihubungi",""
"147","PT. Al Shafwah Wisata Mandiri","Smarts Umrah","Jakarta","Jl. Tanah Abang II NO.93 , RT.001 RW.001, Gambir, Jakarta Pusat, DKI Jakarta, 10150","+62213511414","info@smartsumrah.com","www.smartsumrah.com","Penyelenggara Ibadah Haji Khusus (PIHK)","https://himpuh.or.id/daftar-anggota/detail/275","Belum dihubungi",""
"148","PT. Garislurus Lintas Semesta","Garislurus","Bekasi","Jl. Cermai Raya No. 227 Kayuringin Bekasi Selatan, Babelan, Bekasi, Jawa Barat, 17144","+622188961716","eks.anggota.himpuh@gmail.com","www.garislurus.com","Biro Perjalanan Wisata (BPW)","https://himpuh.or.id/daftar-anggota/detail/280","Belum dihubungi",""
"149","PT. Khairo Mulya Wisata","KHAIRO MULYA WISATA","Tangerang","Tangerang City Business Park Blok B 29, Jl. Jenderal Sudirman No. 1, Tangerang, Tangerang, Banten, 15117","+622155780029","eks.anggota.himpuh@gmail.com","www.khairotour.com","Penyelenggara Perjalanan Ibadah Umrah (PPIU)","https://himpuh.or.id/daftar-anggota/detail/281","Belum dihubungi",""
"150","PT. Metro Inter Travindo","Padi Umroh","Tangerang","Jl. Kihajar Dewantara Ruko Golden 8 No. 8 Pakulonan Barat, Kelapa Dua, Kelapa Dua, Tangerang, Banten, 15810","+622129238848","info@padi-umroh.com","www.padi-umroh.com","Penyelenggara Perjalanan Ibadah Umrah (PPIU)","https://himpuh.or.id/daftar-anggota/detail/282","Belum dihubungi",""